Vendor Name,Region,Type,Shopify Integration,Custom Branding,MOQ,Price Range,Specialty,Fabric Types,Contact/URL,Tier,Notes
EPROLO,China (global warehouses),Drop Ship,Yes,Yes - custom tape/labels/hangtags/packaging,None,Bulk discounts,Full dropship platform with image search,Various,https://eprolo.com,1,Top pick - free platform with KayphoriaX branding project
CJdropshipping,China (US/EU/SEA warehouses),Drop Ship,Yes,Yes - custom packaging,None,Factory prices,24-hour fulfillment + product sourcing service,Various,https://cjdropshipping.com,1,Great for finding unique items via sourcing requests
Zendrop,China/US,Drop Ship,Yes,Yes - branded packaging + thank-you cards,None,Competitive,Fast US shipping from US warehouse,Various,https://zendrop.com,1,Best for fast US delivery
Snazzyway,India,Drop Ship,Yes + Wix/Magento/WooCommerce,Yes - full white-label (YOUR brand on product),None,Budget-friendly,True white-label dropshipping,Lace/cotton/silk,https://snazzywaydropshipping.com,1,Products arrive with YOUR KayphoriaX brand
Dear-Lover,China,Drop Ship,Yes + TikTok/WooCommerce,Limited,None,Very low cost,Massive catalog + TikTok integration,Various,https://www.dear-lover.com,1,Direct TikTok Shop integration
Alterego Lingerie,Europe,Drop Ship,Yes,Yes,Minimum order,Mid-range,Independent European brands,Lace/silk/satin,https://alterego-lingerie.com/drop-shipping/,1,Unique European designs not seen in US
Allure Lingerie,USA,Drop Ship,Yes,Yes - premium packaging,None,Mid-high,Premium leather/lace/corsets,Leather/lace/PVC,https://allurelingerie.com,2,High-end couture niche
Petite Cherry,Australia,Drop Ship,Yes,Limited,None,Mid-range,Petite sizing specialist,Lace/mesh/silk,https://petitecherry.com,2,Underserved market niche
Daisy Corsets,USA,Drop Ship,Yes,Limited,None,Mid-high,Corsets and premium materials,Steel-boned/satin/lace,https://daisycorsets.com,2,Boosts average order value
Boody,Australia,Drop Ship,Yes,Yes - eco packaging,None,Mid-range,Organic bamboo fabric sustainable lingerie,Organic bamboo,https://boody.com,2,Eco-luxe positioning
Elegant Moments,USA,Drop Ship,Yes,Limited,None,Mid-range,Quality sets/garter belts/hosiery,Lace/satin/mesh,https://elegantmoments.com,2,Wide size variety
Glora Lingerie,Latvia,Drop Ship/Manufacturer,Yes,Yes - private label,None,Mid-range,Full-cycle EU manufacturer + wholesaler,EU-standard fabrics,https://glora.eu,1,EU quality standards + private label
Lingerose,Europe,Drop Ship,Yes,Yes,None,Mid-high,Premium European lingerie wholesaler,Lace/silk/satin,https://lingerose.com,1,No MOQ - great for testing
wholelingerie.com,Europe,Drop Ship,Limited,Yes - discreet shipping,None,Mid-range,12+ European brands (Obsessive/Axami/Noir Handmade),Lace/leather/mesh,https://wholelingerie.wixsite.com/home,1,Access to Obsessive/Axami/LivCo/Noir Handmade
LoveBay,Europe,Drop Ship,Limited,Yes,None,Mid-range,EU brands distributor (Obsessive/LivCo/Axami),Lace/satin/mesh,https://lovebay.eu,2,Similar European brand access
Matterhorn Wholesale,Europe,Drop Ship,Yes,Standard,None,Mid-range,Multi-brand European women's clothing/lingerie,Various,https://matterhorn-wholesale.com,2,Multiple European brands consolidated
Spocket,US/EU,Drop Ship Platform,Yes (native),Yes - custom invoices,None,Varies by supplier,US/EU suppliers for fast shipping,Various,https://spocket.co,1,Fast 2-5 day shipping from local warehouses
Modalyst,US/EU,Drop Ship Platform,Yes (native),Yes - select suppliers,None,Varies by supplier,Curated independent brands,Various,https://modalyst.co,1,Higher quality curated brands
Lingerie Mart,USA,Drop Ship,Limited,Standard,Bulk preferred,Low-mid,Wholesale warehouse/bulk assortments,Various,https://lingeriemart.com,2,Fast US domestic shipping
Spicy Lingerie,Global,Drop Ship,Yes,Yes - professional,None,Mid-range,Erotic and fashion lingerie,Lace/mesh/satin,https://spicylingerie.com,2,Strong branded presentation
BEWICKED,USA,Drop Ship,Yes,Limited,None,Mid-range,Contemporary + traditional designs,Lace/mesh/microfiber,https://bewicked.com,2,Frequently updated trend collections
Honey's Place,USA,Drop Ship,Yes,Limited,None,Mid-range,Lingerie sets/shapewear/novelty,Various,https://honeysplace.com,2,No MOQ + efficient processing
Nihao Jewelry,China,Drop Ship,Yes,Limited,None,$0.50-$3/piece,200K+ trendy items including lingerie,Various,https://nihaojewelry.com,3,Ultra-low prices for basics
Avasam,UK/Europe,Drop Ship Platform,Yes,Standard,None,Varies,Automated UK/EU dropship platform,Various,https://avasam.com,3,UK/EU market focus
Trendsi,USA/Canada,Drop Ship,Yes,Limited,None,Mid-range,Trendy styles/fast domestic shipping,Various,https://trendsi.com,3,Domestic speed advantage
Jingsourcing,China,Sourcing Agent,N/A,Full private label via factories,Negotiable,Agent fee + factory cost,Vets Chinese factories for you,All types,https://jingsourcing.com,1,Best for finding hidden gem factories
Appareify,China,Manufacturer,N/A,Full private label,Low (flexible),Mid-range,Custom design + sustainability focus,Eco/organic/recycled,https://appareify.com,1,Unique designs tailored to your brand
Wonder Beauty Lingerie,China,Manufacturer,N/A,Yes - OEM,50+,Low-mid,10000+ designs/fast delivery,Lace/mesh/satin,via Made-in-China.com,2,Massive catalog to cherry-pick
Bramingle,China (Shantou),Manufacturer,N/A,Full OEM/ODM,Negotiable,Low-mid,15+ years lingerie export expertise,Lace/molded cup/mesh,https://bramingle.com,1,Factory-direct from Shantou lingerie hub
QIAONISHU,China (Shantou),Manufacturer,N/A,Yes - OEM,Negotiable,Low-mid,Large bra production lines since 1990,Molded cup/lace/cotton,via Made-in-China.com,2,670+ employees/22000 sqm factory
Shantou Chaonan Dechang,China (Shantou),Manufacturer,N/A,Yes,Negotiable,Low,200K bras + 250K panties/month capacity,Bonded-edge/molded cup,via Made-in-China.com,2,Massive production capacity
Ohyeah Lingerie,China (Xiamen),Manufacturer,N/A,Yes - OEM,Negotiable,Low-mid,700K pieces in stock/8+ years,Lace/mesh/bodystock,via Alibaba,2,Large ready stock for quick orders
Casland Garments,China (Guangdong),Manufacturer,N/A,Full private label,50+ pieces,Low-mid,End-to-end private label solutions,All types,via Alibaba,1,Flexible MOQs for smaller brands
Sunny Ocean,China (Guangzhou),Manufacturer,N/A,Yes - OEM,Negotiable,Low-mid,Women's and men's underwear/300 employees,Knit/woven/lace,via Made-in-China.com,2,Two sewing locations in Guangzhou
Foshan Chiyu Clothing,China (Foshan),Manufacturer,N/A,Yes - OEM/wholesale,Negotiable,Low,2000+ styles/sexy lingerie specialist,Lace/mesh/satin,via Made-in-China.com,3,Huge style variety
Shenzhen Thunder Fashion,China (Shantou),Manufacturer,N/A,Yes - OEM/ODM,Negotiable,Low-mid,200+ styles fashionable undergarments,Lace/mesh/silk,via Alibaba,3,OEM + ODM services
Leeline Sourcing,China,Sourcing Agent,N/A,Full service,Negotiable,Agent fee + factory cost,One-stop sourcing/design/manufacturing/QA,All types,https://leelineapparel.com,2,Complete sourcing-to-shipping service
Ayci Tekstil,Turkey (Istanbul),Manufacturer,N/A,Full private label + OEM,Negotiable,Mid-range,29 years experience/wholesale bras+lingerie,Premium Turkish fabrics,https://ayciwholesale.com,1,Will create new models with you
Dogannur,Turkey,Manufacturer,N/A,Yes - custom,Negotiable,Mid-range,International export specialist,Cotton/lace/modal,https://dogannur.com/en,2,Established global exporter
Deep Fashion Studio,Turkey,Manufacturer,N/A,Yes,Negotiable,Mid-range,Seamless underwear + lingerie/20+ years,Seamless/microfiber,via Europages,2,Trend-aware quality standards
Pisa Fabric,Turkey,Fabric Supplier,N/A,N/A (raw materials),Negotiable,Varies,Knitted fabrics for lingerie/swimwear since 1980,Knit/stretch/technical,via Europages,2,Unique fabric source for custom couture
Kozabiat Tekstil,Turkey (Istanbul),Manufacturer,N/A,Yes,Negotiable,Mid-range,Leading lingerie + pajama manufacturer since 1996,Cotton/lace/satin,via TurkishExporter.net,2,Exports to Middle East/Asia/Europe
Conbello Textile,Turkey (Istanbul),Manufacturer,N/A,Yes - ISO 9001 certified,Negotiable,Mid-range,Fully integrated/exports to 25+ countries,All types,via Europages,2,ISO certified quality
NF Seamless,Turkey,Manufacturer,N/A,Yes,Negotiable,Mid-range,Seamless underwear using Santoni machines,Seamless/microfiber,via JaceApparel.com,2,One-stop seamless production
HNX Underwear,Turkey,Manufacturer,N/A,Yes - design support,Negotiable,Mid-range,Wide women's assortments + plus-size,Cotton/lace/modal,via JaceApparel.com,2,Seasonal collections + design support
Stildepo,Turkey (Istanbul),Wholesale Platform,N/A,Multi-brand,Very low per style,Mid-range,B2B platform consolidating multiple Turkish brands,Various,https://stildepo.com,1,Very low MOQs per style - great for testing
Argus Apparel,USA,Manufacturer,N/A,Full private label,Low (startup-friendly),Mid-high,Low MOQ private label + print-on-demand underwear,Cotton/modal/bamboo,https://argusapparel.com,2,Made in USA - ideal for startups
Argyle Haus,USA,Manufacturer,N/A,Full private label,None,High,Full-package development/prototyping/cutting/sewing,All premium,via prototype.fashion,3,No MOQ - best for prototyping unique designs
Affix Apparel,USA/Pakistan,Manufacturer,N/A,Full private label,50 pieces,Mid-range,LA design + Pakistan production,Cotton/lace/silk,via NicheSources,2,LA design quality at Pakistan production costs
Sophie Hallette,France,Fabric Supplier,N/A,N/A (raw materials),Negotiable,Premium,World-renowned French lace + tulle since 1887,Calais lace/tulle/chantilly,via direct contact,3,Haute couture lace for statement pieces
Noyon,France,Fabric Supplier,N/A,N/A (raw materials),Negotiable,Premium,World's leading Calais lace manufacturer since 1919,Calais lace/Leavers lace,via direct contact,3,Heritage French lace for luxury couture
